<?xml version="1.0" encoding="utf-8"?>
<playlist version="1" xmlns="http://xspf.org/ns/0/">
	<trackList>

		<track>
			<title>Grass by Night</title>
			<creator>Jeroen Wijering</creator>
			<location>image1.jpg</location>
			<info>http://www.jeroenwijering.com</info>
		</track>

		<track>
			<title>At the Sidewalk</title>
			<creator>Jeroen Wijering</creator>
			<location>image2.jpg</location>
			<info>http://www.jeroenwijering.com</info>
		</track>

		<track>
			<title>Tio Pepe Madrid</title>
			<creator>Jeroen Wijering</creator>
			<location>image3.jpg</location>
			<info>http://www.jeroenwijering.com</info>
		</track>

	</trackList>
</playlist>